{
    "config": {
        "file_path": "/Users/woodj/Desktop/fishy-business/data/REIMS.xlsx",
        "model": "mamba",
        "dataset": "oil",
        "run": 0,
        "output": "logs/ordinal_comparison_mamba_coral",
        "data_augmentation": false,
        "masked_spectra_modelling": false,
        "next_spectra_prediction": false,
        "next_peak_prediction": false,
        "spectrum_denoising_autoencoding": false,
        "peak_parameter_regression": false,
        "spectrum_segment_reordering": false,
        "contrastive_transformation_invariance_learning": false,
        "early_stopping": 20,
        "dropout": 0.2,
        "label_smoothing": 0.1,
        "epochs": 50,
        "learning_rate": 0.0001,
        "batch_size": 64,
        "hidden_dimension": 128,
        "num_layers": 4,
        "num_heads": 4,
        "num_augmentations": 5,
        "noise_level": 0.1,
        "shift_enabled": false,
        "scale_enabled": false,
        "k_folds": 5,
        "num_runs": 1,
        "use_coral": true,
        "use_cumulative_link": false,
        "regression": false,
        "crop_enabled": false,
        "flip_enabled": false,
        "permutation_enabled": false,
        "crop_size": 0.8
    },
    "stats": {
        "train_loss": 4.075741540398928,
        "train_accuracy": 0.16462585034013605,
        "val_loss": 3.4600931644439696,
        "epoch": 0.4,
        "val_balanced_accuracy": 0.1571428571428571,
        "val_mae": 1.7615384615384613,
        "val_mse": 4.345538461538462,
        "val_precision": 0.023819171597633134,
        "val_recall": 0.14246153846153847,
        "val_f1": 0.04014982279383902,
        "val_auc_roc": 0.4505897484158353
    },
    "folds": [
        {
            "train_loss": 3.6745036029815674,
            "train_accuracy": 0.14829931972789115,
            "val_loss": 3.520021915435791,
            "epoch": 1,
            "val_balanced_accuracy": 0.21428571428571427,
            "val_mae": 1.8076923076923077,
            "val_mse": 4.8076923076923075,
            "val_precision": 0.05029585798816568,
            "val_recall": 0.19230769230769232,
            "val_f1": 0.07946832579185521,
            "val_auc_roc": 0.44252305665349145
        },
        {
            "train_loss": 4.402715881272118,
            "train_accuracy": 0.14897959183673468,
            "val_loss": 3.46661376953125,
            "epoch": 0,
            "val_balanced_accuracy": 0.14285714285714285,
            "val_mae": 1.88,
            "val_mse": 5.08,
            "val_precision": 0.0144,
            "val_recall": 0.12,
            "val_f1": 0.02571428571428571,
            "val_auc_roc": 0.44137806637806637
        },
        {
            "train_loss": 3.7053852340962625,
            "train_accuracy": 0.18843537414965986,
            "val_loss": 3.471083402633667,
            "epoch": 1,
            "val_balanced_accuracy": 0.14285714285714285,
            "val_mae": 1.72,
            "val_mse": 3.96,
            "val_precision": 0.0144,
            "val_recall": 0.12,
            "val_f1": 0.02571428571428571,
            "val_auc_roc": 0.42604617604617606
        },
        {
            "train_loss": 4.3362857233179675,
            "train_accuracy": 0.1571428571428571,
            "val_loss": 3.419715642929077,
            "epoch": 0,
            "val_balanced_accuracy": 0.14285714285714285,
            "val_mae": 1.72,
            "val_mse": 3.96,
            "val_precision": 0.0144,
            "val_recall": 0.12,
            "val_f1": 0.02571428571428571,
            "val_auc_roc": 0.43109668109668114
        },
        {
            "train_loss": 4.2598172603267255,
            "train_accuracy": 0.18027210884353742,
            "val_loss": 3.4230310916900635,
            "epoch": 0,
            "val_balanced_accuracy": 0.14285714285714285,
            "val_mae": 1.68,
            "val_mse": 3.92,
            "val_precision": 0.0256,
            "val_recall": 0.16,
            "val_f1": 0.044137931034482755,
            "val_auc_roc": 0.5119047619047619
        }
    ]
}