model,dataset,training_time,inference_time,model_size_mb,num_params
ensemble,species,4.174945116043091,0.017466068267822266,976.14556,244036390
ensemble,part,1.4842448234558105,0.012095928192138672,976.245448,244061362
ensemble,oil,2.7664623260498047,0.011673927307128906,976.27042,244067605
ensemble,cross-species,3.042311191558838,0.027219057083129883,976.170532,244042633
