model,dataset,training_time,inference_time,model_size_mb,num_params
transformer_pretrained,species,0.15914177894592285,0.0022521018981933594,71.44436,17861090
transformer_pretrained,part,0.08230018615722656,0.0022249221801757812,71.477656,17869414
transformer_pretrained,oil,0.19535493850708008,0.0022661685943603516,71.48598,17871495
transformer_pretrained,cross-species,0.19608092308044434,0.002269268035888672,71.452684,17863171
