model,dataset,training_time,inference_time,model_size_mb,num_params
ensemble,species,5.218349933624268,0.3074190616607666,976.14556,244036390
ensemble,part,2.840216875076294,0.042742252349853516,976.245448,244061362
ensemble,oil,4.505252122879028,0.04142475128173828,976.27042,244067605
ensemble,cross-species,4.370010137557983,0.30320096015930176,976.170532,244042633
