model,dataset,training_time,inference_time,model_size_mb,num_params
moe,species,0.23359990119934082,0.19177913665771484,77.893912,19473478
moe,part,0.11664795875549316,0.10671114921569824,77.927208,19481802
moe,oil,0.2820301055908203,0.16423511505126953,77.935532,19483883
moe,cross-species,0.3024556636810303,0.24145007133483887,77.902236,19475559
