model,dataset,training_time,inference_time,model_size_mb,num_params
transformer,species,1.0279507637023926,0.06879925727844238,71.44436,17861090
transformer,part,0.14777302742004395,0.040036678314208984,71.477656,17869414
transformer,oil,0.3315260410308838,0.0420839786529541,71.48598,17871495
transformer,cross-species,0.19430303573608398,0.03685808181762695,71.452684,17863171
