model,dataset,training_time,inference_time,model_size_mb,num_params
transformer,species,0.16000604629516602,0.0026769638061523438,71.44436,17861090
transformer,part,0.08872199058532715,0.002285003662109375,71.477656,17869414
transformer,oil,0.19469714164733887,0.002490997314453125,71.48598,17871495
transformer,cross-species,0.20691871643066406,0.0027518272399902344,71.452684,17863171
