model,dataset,training_time,inference_time,model_size_mb,num_params
transformer_pretrained,species,0.15312719345092773,0.002681732177734375,71.44436,17861090
transformer_pretrained,part,0.08290576934814453,0.0024161338806152344,71.477656,17869414
transformer_pretrained,oil,0.1922898292541504,0.0024890899658203125,71.48598,17871495
transformer_pretrained,cross-species,0.1943531036376953,0.002687215805053711,71.452684,17863171
