model,dataset,training_time,inference_time,model_size_mb,num_params
moe,species,0.24737024307250977,0.37322115898132324,77.893912,19473478
moe,part,0.11221504211425781,0.11067390441894531,77.927208,19481802
moe,oil,0.2762899398803711,0.20223021507263184,77.935532,19483883
moe,cross-species,0.304121732711792,0.2438821792602539,77.902236,19475559
