{
    "config": {
        "file_path": "/Users/woodj/Desktop/fishy-business/data/REIMS.xlsx",
        "model": "transformer",
        "dataset": "species",
        "run": 0,
        "output": "tmp/",
        "data_augmentation": false,
        "masked_spectra_modelling": false,
        "next_spectra_prediction": false,
        "next_peak_prediction": false,
        "spectrum_denoising_autoencoding": false,
        "peak_parameter_regression": false,
        "spectrum_segment_reordering": false,
        "contrastive_transformation_invariance_learning": false,
        "early_stopping": 20,
        "dropout": 0.2,
        "label_smoothing": 0.1,
        "epochs": 1,
        "learning_rate": 0.0001,
        "batch_size": 64,
        "hidden_dimension": 128,
        "num_layers": 4,
        "num_heads": 4,
        "num_augmentations": 5,
        "noise_level": 0.05,
        "shift_enabled": false,
        "scale_enabled": false,
        "k_folds": 3,
        "num_runs": 1,
        "use_coral": false,
        "use_cumulative_link": false,
        "regression": false,
        "crop_enabled": false,
        "flip_enabled": false,
        "permutation_enabled": false,
        "crop_size": 0.8
    },
    "stats": {
        "train_loss": 0.7214615687176034,
        "val_loss": 0.5727690855662028,
        "epoch": 0.0,
        "val_balanced_accuracy": 0.9520833333333334,
        "val_mae": 0.0462962962962963,
        "val_mse": 0.0462962962962963,
        "val_precision": 0.9541446208112875,
        "val_recall": 0.9537037037037037,
        "val_f1": 0.95366727860827,
        "val_auc_roc": 0.9885416666666668,
        "train_balanced_accuracy": 0.5239583333333333,
        "train_mae": 0.48148148148148145,
        "train_mse": 0.48148148148148145,
        "train_precision": 0.5321703003941795,
        "train_recall": 0.5185185185185185,
        "train_f1": 0.5135167119506219,
        "train_auc_roc": 0.5552083333333334
    },
    "folds": [
        {
            "train_loss": 0.6664880315462748,
            "val_loss": 0.527106523513794,
            "epoch": 0,
            "val_balanced_accuracy": 0.96875,
            "val_mae": 0.027777777777777776,
            "val_mse": 0.027777777777777776,
            "val_precision": 0.9735449735449736,
            "val_recall": 0.9722222222222222,
            "val_f1": 0.9721129469359211,
            "val_auc_roc": 1.0,
            "train_balanced_accuracy": 0.565625,
            "train_mae": 0.4444444444444444,
            "train_mse": 0.4444444444444444,
            "train_precision": 0.574074074074074,
            "train_recall": 0.5555555555555556,
            "train_f1": 0.5538395538395537,
            "train_auc_roc": 0.640625
        },
        {
            "train_loss": 0.7241382466422187,
            "val_loss": 0.5244453549385071,
            "epoch": 0,
            "val_balanced_accuracy": 1.0,
            "val_mae": 0.0,
            "val_mse": 0.0,
            "val_precision": 1.0,
            "val_recall": 1.0,
            "val_f1": 1.0,
            "val_auc_roc": 1.0,
            "train_balanced_accuracy": 0.53125,
            "train_mae": 0.4861111111111111,
            "train_mse": 0.4861111111111111,
            "train_precision": 0.541371158392435,
            "train_recall": 0.5138888888888888,
            "train_f1": 0.5039489343286812,
            "train_auc_roc": 0.5843750000000001
        },
        {
            "train_loss": 0.7737584279643165,
            "val_loss": 0.6667553782463074,
            "epoch": 0,
            "val_balanced_accuracy": 0.8875,
            "val_mae": 0.1111111111111111,
            "val_mse": 0.1111111111111111,
            "val_precision": 0.8888888888888888,
            "val_recall": 0.8888888888888888,
            "val_f1": 0.8888888888888888,
            "val_auc_roc": 0.965625,
            "train_balanced_accuracy": 0.475,
            "train_mae": 0.5138888888888888,
            "train_mse": 0.5138888888888888,
            "train_precision": 0.48106566871602957,
            "train_recall": 0.4861111111111111,
            "train_f1": 0.48276164768363067,
            "train_auc_roc": 0.44062500000000004
        }
    ]
}