{
    "config": {
        "temperature": 0.55,
        "projection_dim": 256,
        "embedding_dim": 256,
        "learning_rate": 3.5e-05,
        "weight_decay": 1e-06,
        "batch_size": 16,
        "num_epochs": 1000,
        "input_dim": 2080,
        "num_heads": 8,
        "hidden_dim": 256,
        "num_layers": 6,
        "dropout": 0.18,
        "num_runs": 3,
        "patience": 100,
        "encoder_type": "transformer",
        "contrastive_method": "simsiam",
        "moco_dim": 256,
        "moco_k": 65536,
        "moco_m": 0.999,
        "moco_mlp": false,
        "byol_projection_dim": 256,
        "byol_hidden_dim": 4096,
        "byol_m": 0.996,
        "simsiam_projection_dim": 2048,
        "simsiam_hidden_dim": 512,
        "barlow_twins_projection_dim": 8192,
        "barlow_twins_lambda": 0.005
    },
    "stats": {
        "train_loss": {
            "mean": -0.0844738266379055,
            "std": 0.058071163008704685
        },
        "train_accuracy": {
            "mean": 0.7152777777777778,
            "std": 0.012991865926298363
        },
        "val_loss": {
            "mean": -0.02660606222020255,
            "std": 0.020643381112148772
        },
        "val_accuracy": {
            "mean": 0.8402777777777777,
            "std": 0.09368567752244478
        },
        "epoch": {
            "mean": 93.66666666666667,
            "std": 68.19742582303887
        }
    },
    "folds": [
        {
            "train_loss": -0.012382119350756208,
            "train_accuracy": 0.6979166666666667,
            "val_loss": 0.0024035212894280753,
            "val_accuracy": 0.7083333333333333,
            "epoch": 9
        },
        {
            "train_loss": -0.15458548814058304,
            "train_accuracy": 0.7291666666666666,
            "val_loss": -0.043949308494726815,
            "val_accuracy": 0.8958333333333333,
            "epoch": 176
        },
        {
            "train_loss": -0.08645387242237727,
            "train_accuracy": 0.71875,
            "val_loss": -0.038272399455308914,
            "val_accuracy": 0.9166666666666667,
            "epoch": 96
        }
    ]
}