{
    "config": {
        "temperature": 0.55,
        "projection_dim": 256,
        "embedding_dim": 256,
        "learning_rate": 3.5e-05,
        "weight_decay": 1e-06,
        "batch_size": 8,
        "num_epochs": 1000,
        "input_dim": 2080,
        "num_heads": 8,
        "hidden_dim": 256,
        "num_layers": 6,
        "dropout": 0.18,
        "num_runs": 3,
        "patience": 100,
        "encoder_type": "transformer"
    },
    "stats": {
        "train_loss": {
            "mean": 2.482857127984365,
            "std": 0.04905038556578115
        },
        "train_accuracy": {
            "mean": 0.7708333333333334,
            "std": 0.07414637675021739
        },
        "val_loss": {
            "mean": 2.7290485964881053,
            "std": 0.054011890707239434
        },
        "val_accuracy": {
            "mean": 0.8819444444444445,
            "std": 0.06440012844094237
        },
        "epoch": {
            "mean": 63.333333333333336,
            "std": 32.42769735204082
        }
    },
    "folds": [
        {
            "train_loss": 2.4274575114250183,
            "train_accuracy": 0.8125,
            "val_loss": 2.80009392897288,
            "val_accuracy": 0.7916666666666667,
            "epoch": 80
        },
        {
            "train_loss": 2.4744034806887307,
            "train_accuracy": 0.8333333333333333,
            "val_loss": 2.6692288716634116,
            "val_accuracy": 0.9375,
            "epoch": 92
        },
        {
            "train_loss": 2.5467103918393454,
            "train_accuracy": 0.6666666666666667,
            "val_loss": 2.7178229888280234,
            "val_accuracy": 0.9166666666666667,
            "epoch": 18
        }
    ]
}