{
    "config": {
        "temperature": 0.29063452579262367,
        "projection_dim": 256,
        "embedding_dim": 256,
        "learning_rate": 0.0005679322945498316,
        "weight_decay": 1e-06,
        "batch_size": 32,
        "num_epochs": 375,
        "input_dim": 2080,
        "num_heads": 8,
        "hidden_dim": 256,
        "num_layers": 5,
        "num_inner_functions": 10,
        "dropout": 0.48991175948539684,
        "num_runs": 3,
        "patience": 100,
        "encoder_type": "transformer",
        "contrastive_method": "simclr",
        "moco_dim": 256,
        "moco_k": 65536,
        "moco_m": 0.999,
        "moco_mlp": false,
        "byol_projection_dim": 256,
        "byol_hidden_dim": 4096,
        "byol_m": 0.996,
        "simsiam_projection_dim": 2048,
        "simsiam_hidden_dim": 512,
        "barlow_twins_projection_dim": 8192,
        "barlow_twins_lambda": 0.005,
        "noise_enabled": true,
        "shift_enabled": false,
        "scale_enabled": false,
        "crop_enabled": true,
        "flip_enabled": false,
        "permutation_enabled": false,
        "noise_level": 0.0984100262799093,
        "crop_size": 0.537691257614809
    },
    "stats": {
        "train_loss": {
            "mean": 3.938292211956448,
            "std": 0.059125924811156014
        },
        "train_accuracy": {
            "mean": 0.7256944444444445,
            "std": 0.01964185503295969
        },
        "val_loss": {
            "mean": 4.21902322769165,
            "std": 0.029301118939132037
        },
        "val_accuracy": {
            "mean": 0.90625,
            "std": 0.0
        },
        "epoch": {
            "mean": 53.666666666666664,
            "std": 13.072447700751718
        }
    },
    "folds": []
}