{
    "config": {
        "temperature": 0.55,
        "projection_dim": 256,
        "embedding_dim": 256,
        "learning_rate": 3.5e-05,
        "weight_decay": 1e-06,
        "batch_size": 16,
        "num_epochs": 1000,
        "input_dim": 2080,
        "num_heads": 8,
        "hidden_dim": 256,
        "num_layers": 6,
        "dropout": 0.18,
        "num_runs": 3,
        "patience": 100,
        "encoder_type": "ensemble"
    },
    "stats": {
        "train_loss": {
            "mean": 3.2368634012010364,
            "std": 0.06481083564148608
        },
        "train_accuracy": {
            "mean": 0.8298611111111112,
            "std": 0.09407095266766712
        },
        "val_loss": {
            "mean": 3.474663919872708,
            "std": 0.03692407694719619
        },
        "val_accuracy": {
            "mean": 0.8541666666666666,
            "std": 0.07414637675021746
        },
        "epoch": {
            "mean": 60.0,
            "std": 35.505868059613285
        }
    },
    "folds": [
        {
            "train_loss": 3.203434944152832,
            "train_accuracy": 0.9375,
            "val_loss": 3.5234671433766684,
            "val_accuracy": 0.75,
            "epoch": 81
        },
        {
            "train_loss": 3.179668426513672,
            "train_accuracy": 0.84375,
            "val_loss": 3.4341761271158853,
            "val_accuracy": 0.8958333333333334,
            "epoch": 89
        },
        {
            "train_loss": 3.327486832936605,
            "train_accuracy": 0.7083333333333334,
            "val_loss": 3.46634848912557,
            "val_accuracy": 0.9166666666666667,
            "epoch": 10
        }
    ]
}