{
    "config": {
        "temperature": 0.55,
        "projection_dim": 256,
        "embedding_dim": 256,
        "learning_rate": 3.5e-05,
        "weight_decay": 1e-06,
        "batch_size": 16,
        "num_epochs": 1000,
        "input_dim": 2080,
        "num_heads": 8,
        "hidden_dim": 256,
        "num_layers": 6,
        "dropout": 0.18,
        "num_runs": 3,
        "patience": 100,
        "encoder_type": "lstm",
        "contrastive_method": "simclr",
        "moco_dim": 256,
        "moco_k": 65536,
        "moco_m": 0.999,
        "moco_mlp": false,
        "byol_projection_dim": 256,
        "byol_hidden_dim": 4096,
        "byol_m": 0.996,
        "simsiam_projection_dim": 2048,
        "simsiam_hidden_dim": 512,
        "barlow_twins_projection_dim": 8192,
        "barlow_twins_lambda": 0.005
    },
    "stats": {
        "train_loss": {
            "mean": 3.4180877076254954,
            "std": 0.015509666590392017
        },
        "train_accuracy": {
            "mean": 0.5625,
            "std": 0.03897559777889522
        },
        "val_loss": {
            "mean": 3.433987087673611,
            "std": 1.498554612325039e-07
        },
        "val_accuracy": {
            "mean": 0.5,
            "std": 0.0
        },
        "epoch": {
            "mean": 0.0,
            "std": 0.0
        }
    },
    "folds": [
        {
            "train_loss": 3.4088212649027505,
            "train_accuracy": 0.5208333333333334,
            "val_loss": 3.433987299601237,
            "val_accuracy": 0.5,
            "epoch": 0
        },
        {
            "train_loss": 3.4399379094441733,
            "train_accuracy": 0.5520833333333334,
            "val_loss": 3.4339869817097983,
            "val_accuracy": 0.5,
            "epoch": 0
        },
        {
            "train_loss": 3.4055039485295615,
            "train_accuracy": 0.6145833333333334,
            "val_loss": 3.4339869817097983,
            "val_accuracy": 0.5,
            "epoch": 0
        }
    ]
}