{
    "config": {
        "temperature": 0.12400010990251895,
        "projection_dim": 256,
        "embedding_dim": 512,
        "learning_rate": 8.662380514703406e-05,
        "weight_decay": 1e-06,
        "batch_size": 16,
        "num_epochs": 865,
        "input_dim": 2080,
        "num_heads": 8,
        "hidden_dim": 512,
        "num_layers": 2,
        "num_inner_functions": 10,
        "dropout": 0.4085444685792553,
        "num_runs": 3,
        "patience": 100,
        "encoder_type": "transformer",
        "contrastive_method": "simclr",
        "moco_dim": 256,
        "moco_k": 65536,
        "moco_m": 0.999,
        "moco_mlp": false,
        "byol_projection_dim": 256,
        "byol_hidden_dim": 4096,
        "byol_m": 0.996,
        "simsiam_projection_dim": 2048,
        "simsiam_hidden_dim": 512,
        "barlow_twins_projection_dim": 8192,
        "barlow_twins_lambda": 0.005,
        "noise_enabled": false,
        "shift_enabled": false,
        "scale_enabled": false,
        "crop_enabled": false,
        "flip_enabled": true,
        "permutation_enabled": false,
        "noise_level": 0.0,
        "crop_size": 1.0
    },
    "stats": {
        "train_loss": {
            "mean": 2.885231071048313,
            "std": 0.0842555535858838
        },
        "train_accuracy": {
            "mean": 0.9618055555555557,
            "std": 0.01770492886664164
        },
        "val_loss": {
            "mean": 3.5174122916327586,
            "std": 0.0655597506838729
        },
        "val_accuracy": {
            "mean": 0.7013888888888888,
            "std": 0.019641855032959635
        },
        "epoch": {
            "mean": 232.0,
            "std": 115.26491226735047
        }
    },
    "folds": [
        {
            "train_loss": 2.9344417651494346,
            "train_accuracy": 0.96875,
            "val_loss": 3.6022632122039795,
            "val_accuracy": 0.6875,
            "epoch": 125
        },
        {
            "train_loss": 2.7666457891464233,
            "train_accuracy": 0.9791666666666667,
            "val_loss": 3.5073498090108237,
            "val_accuracy": 0.7291666666666666,
            "epoch": 392
        },
        {
            "train_loss": 2.9546056588490806,
            "train_accuracy": 0.9375,
            "val_loss": 3.4426238536834717,
            "val_accuracy": 0.6875,
            "epoch": 179
        }
    ]
}