{
    "config": {
        "file_path": "/Users/woodj/Desktop/fishy-business/data/REIMS.xlsx",
        "model": "transformer",
        "dataset": "oil",
        "run": 0,
        "output": "logs/ordinal_comparison_transformer_cumulative_link",
        "data_augmentation": false,
        "masked_spectra_modelling": false,
        "next_spectra_prediction": false,
        "next_peak_prediction": false,
        "spectrum_denoising_autoencoding": false,
        "peak_parameter_regression": false,
        "spectrum_segment_reordering": false,
        "contrastive_transformation_invariance_learning": false,
        "early_stopping": 20,
        "dropout": 0.2,
        "label_smoothing": 0.1,
        "epochs": 50,
        "learning_rate": 0.0001,
        "batch_size": 64,
        "hidden_dimension": 128,
        "num_layers": 4,
        "num_heads": 4,
        "num_augmentations": 5,
        "noise_level": 0.1,
        "shift_enabled": false,
        "scale_enabled": false,
        "k_folds": 5,
        "num_runs": 1,
        "use_coral": false,
        "use_cumulative_link": true,
        "regression": false,
        "crop_enabled": false,
        "flip_enabled": false,
        "permutation_enabled": false,
        "crop_size": 0.8
    },
    "stats": {
        "train_loss": 0.15908964123038374,
        "train_accuracy": 0.7821768707482993,
        "val_loss": 0.9583659529685974,
        "epoch": 7.0,
        "val_balanced_accuracy": 0.3833333333333334,
        "val_mae": 1.437846153846154,
        "val_mse": 4.662461538461538,
        "val_precision": 0.3374847818847818,
        "val_recall": 0.37230769230769234,
        "val_f1": 0.33215597735597735,
        "val_auc_roc": 0.3930437919568354
    },
    "folds": [
        {
            "train_loss": 0.2204715859889984,
            "train_accuracy": 0.6721088435374148,
            "val_loss": 0.6551589965820312,
            "epoch": 3,
            "val_balanced_accuracy": 0.47619047619047616,
            "val_mae": 1.2692307692307692,
            "val_mse": 4.1923076923076925,
            "val_precision": 0.4076923076923077,
            "val_recall": 0.46153846153846156,
            "val_f1": 0.4203296703296703,
            "val_auc_roc": 0.3721453667105841
        },
        {
            "train_loss": 0.36331647280419227,
            "train_accuracy": 0.5360544217687074,
            "val_loss": 0.5554351210594177,
            "epoch": 2,
            "val_balanced_accuracy": 0.40476190476190477,
            "val_mae": 1.48,
            "val_mse": 5.16,
            "val_precision": 0.3280952380952381,
            "val_recall": 0.4,
            "val_f1": 0.34455411255411256,
            "val_auc_roc": 0.39808802308802305
        },
        {
            "train_loss": 0.00502512414045263,
            "train_accuracy": 1.0,
            "val_loss": 1.312658667564392,
            "epoch": 15,
            "val_balanced_accuracy": 0.34523809523809523,
            "val_mae": 1.44,
            "val_mse": 5.04,
            "val_precision": 0.3557142857142857,
            "val_recall": 0.36,
            "val_f1": 0.34961038961038965,
            "val_auc_roc": 0.3921356421356421
        },
        {
            "train_loss": 0.015273285642413809,
            "train_accuracy": 0.9897959183673469,
            "val_loss": 1.567995309829712,
            "epoch": 11,
            "val_balanced_accuracy": 0.35714285714285715,
            "val_mae": 1.6,
            "val_mse": 4.88,
            "val_precision": 0.24228571428571427,
            "val_recall": 0.32,
            "val_f1": 0.25466666666666665,
            "val_auc_roc": 0.4110750360750361
        },
        {
            "train_loss": 0.19136173757586147,
            "train_accuracy": 0.7129251700680272,
            "val_loss": 0.7005816698074341,
            "epoch": 4,
            "val_balanced_accuracy": 0.33333333333333337,
            "val_mae": 1.4,
            "val_mse": 4.04,
            "val_precision": 0.3536363636363636,
            "val_recall": 0.32,
            "val_f1": 0.29161904761904756,
            "val_auc_roc": 0.3917748917748918
        }
    ]
}