{
    "config": {
        "temperature": 0.06522463767223101,
        "projection_dim": 256,
        "embedding_dim": 256,
        "learning_rate": 5.3218483351271366e-05,
        "weight_decay": 1e-06,
        "batch_size": 16,
        "num_epochs": 537,
        "input_dim": 2080,
        "num_heads": 8,
        "hidden_dim": 256,
        "num_layers": 2,
        "num_inner_functions": 10,
        "dropout": 0.14694795713936804,
        "num_runs": 3,
        "patience": 100,
        "encoder_type": "lstm",
        "contrastive_method": "simclr",
        "moco_dim": 256,
        "moco_k": 65536,
        "moco_m": 0.999,
        "moco_mlp": false,
        "byol_projection_dim": 256,
        "byol_hidden_dim": 4096,
        "byol_m": 0.996,
        "simsiam_projection_dim": 2048,
        "simsiam_hidden_dim": 512,
        "barlow_twins_projection_dim": 8192,
        "barlow_twins_lambda": 0.005,
        "noise_enabled": false,
        "shift_enabled": false,
        "scale_enabled": true,
        "crop_enabled": false,
        "flip_enabled": false,
        "permutation_enabled": false,
        "noise_level": 0.0,
        "crop_size": 1.0
    },
    "stats": {
        "train_loss": {
            "mean": 3.70634557141198,
            "std": 0.29494295110446905
        },
        "train_accuracy": {
            "mean": 0.6909722222222223,
            "std": 0.038351947976344655
        },
        "val_loss": {
            "mean": 7.884724722968208,
            "std": 0.21062946177407796
        },
        "val_accuracy": {
            "mean": 0.7708333333333334,
            "std": 0.03402069087198856
        },
        "epoch": {
            "mean": 85.33333333333333,
            "std": 43.37690117511342
        }
    },
    "folds": [
        {
            "train_loss": 3.399839003880819,
            "train_accuracy": 0.7395833333333334,
            "val_loss": 7.58692995707194,
            "val_accuracy": 0.7291666666666667,
            "epoch": 115
        },
        {
            "train_loss": 4.104603568712871,
            "train_accuracy": 0.6458333333333334,
            "val_loss": 8.039610703786215,
            "val_accuracy": 0.8125,
            "epoch": 24
        },
        {
            "train_loss": 3.6145941416422525,
            "train_accuracy": 0.6875,
            "val_loss": 8.027633508046469,
            "val_accuracy": 0.7708333333333333,
            "epoch": 117
        }
    ]
}