{
    "config": {
        "file_path": "/Users/woodj/Desktop/fishy-business/data/REIMS.xlsx",
        "model": "vae",
        "dataset": "oil",
        "run": 0,
        "output": "logs/ordinal_comparison_vae_coral",
        "data_augmentation": false,
        "masked_spectra_modelling": false,
        "next_spectra_prediction": false,
        "next_peak_prediction": false,
        "spectrum_denoising_autoencoding": false,
        "peak_parameter_regression": false,
        "spectrum_segment_reordering": false,
        "contrastive_transformation_invariance_learning": false,
        "early_stopping": 20,
        "dropout": 0.2,
        "label_smoothing": 0.1,
        "epochs": 50,
        "learning_rate": 0.0001,
        "batch_size": 64,
        "hidden_dimension": 128,
        "num_layers": 4,
        "num_heads": 4,
        "num_augmentations": 5,
        "noise_level": 0.1,
        "shift_enabled": false,
        "scale_enabled": false,
        "k_folds": 5,
        "num_runs": 1,
        "use_coral": true,
        "use_cumulative_link": false,
        "regression": false,
        "crop_enabled": false,
        "flip_enabled": false,
        "permutation_enabled": false,
        "crop_size": 0.8
    },
    "stats": {
        "train_loss": 4.195675673116552,
        "train_accuracy": 0.14285714285714285,
        "val_loss": 4.194961071014404,
        "epoch": 0.0,
        "val_balanced_accuracy": 0.14285714285714285,
        "val_mae": 2.9999999999999996,
        "val_mse": 12.998153846153846,
        "val_precision": 0.020733727810650887,
        "val_recall": 0.1427692307692308,
        "val_f1": 0.03614601490463559,
        "val_auc_roc": 0.5152550348202523
    },
    "folds": [
        {
            "train_loss": 4.207229976654053,
            "train_accuracy": 0.14285714285714285,
            "val_loss": 4.199405193328857,
            "epoch": 0,
            "val_balanced_accuracy": 0.14285714285714285,
            "val_mae": 3.0,
            "val_mse": 13.23076923076923,
            "val_precision": 0.02366863905325444,
            "val_recall": 0.15384615384615385,
            "val_f1": 0.041025641025641026,
            "val_auc_roc": 0.44911067193675885
        },
        {
            "train_loss": 4.197894186076551,
            "train_accuracy": 0.14285714285714285,
            "val_loss": 4.190487861633301,
            "epoch": 0,
            "val_balanced_accuracy": 0.14285714285714285,
            "val_mae": 2.92,
            "val_mse": 12.44,
            "val_precision": 0.0256,
            "val_recall": 0.16,
            "val_f1": 0.044137931034482755,
            "val_auc_roc": 0.5588023088023089
        },
        {
            "train_loss": 4.193609813652416,
            "train_accuracy": 0.14285714285714285,
            "val_loss": 4.183394908905029,
            "epoch": 0,
            "val_balanced_accuracy": 0.14285714285714285,
            "val_mae": 2.96,
            "val_mse": 12.72,
            "val_precision": 0.0256,
            "val_recall": 0.16,
            "val_f1": 0.044137931034482755,
            "val_auc_roc": 0.4525613275613276
        },
        {
            "train_loss": 4.209966050516261,
            "train_accuracy": 0.14285714285714285,
            "val_loss": 4.219671726226807,
            "epoch": 0,
            "val_balanced_accuracy": 0.14285714285714285,
            "val_mae": 3.04,
            "val_mse": 13.2,
            "val_precision": 0.0144,
            "val_recall": 0.12,
            "val_f1": 0.02571428571428571,
            "val_auc_roc": 0.5021645021645021
        },
        {
            "train_loss": 4.169678338683478,
            "train_accuracy": 0.14285714285714285,
            "val_loss": 4.181845664978027,
            "epoch": 0,
            "val_balanced_accuracy": 0.14285714285714285,
            "val_mae": 3.08,
            "val_mse": 13.4,
            "val_precision": 0.0144,
            "val_recall": 0.12,
            "val_f1": 0.02571428571428571,
            "val_auc_roc": 0.6136363636363636
        }
    ]
}