{
    "config": {
        "temperature": 0.09027935951906466,
        "projection_dim": 256,
        "embedding_dim": 256,
        "learning_rate": 0.0009752288725176678,
        "weight_decay": 1e-06,
        "batch_size": 32,
        "num_epochs": 993,
        "input_dim": 2080,
        "num_heads": 4,
        "hidden_dim": 128,
        "num_layers": 6,
        "num_inner_functions": 10,
        "dropout": 0.10813183982446002,
        "num_runs": 2,
        "patience": 100,
        "encoder_type": "transformer",
        "contrastive_method": "simclr",
        "moco_dim": 256,
        "moco_k": 65536,
        "moco_m": 0.999,
        "moco_mlp": false,
        "byol_projection_dim": 256,
        "byol_hidden_dim": 4096,
        "byol_m": 0.996,
        "simsiam_projection_dim": 2048,
        "simsiam_hidden_dim": 512,
        "barlow_twins_projection_dim": 8192,
        "barlow_twins_lambda": 0.005,
        "noise_enabled": true,
        "shift_enabled": false,
        "scale_enabled": true,
        "crop_enabled": false,
        "flip_enabled": false,
        "permutation_enabled": false,
        "noise_level": 0.012546353364345023,
        "crop_size": 1.0,
        "trial_number": 10
    },
    "stats": {
        "train_loss": {
            "mean": 5.141571521759033,
            "std": 0.2173295021057129
        },
        "train_accuracy": {
            "mean": 0.9375,
            "std": 0.03125
        },
        "val_loss": {
            "mean": 5.407015800476074,
            "std": 0.04766559600830078
        },
        "val_accuracy": {
            "mean": 0.859375,
            "std": 0.015625
        },
        "epoch": {
            "mean": 12.0,
            "std": 0.0
        },
        "test_loss": 5.722691535949707,
        "test_accuracy": 0.625
    },
    "folds": [
        {
            "train_loss": 5.358901023864746,
            "train_accuracy": 0.96875,
            "val_loss": 5.359350204467773,
            "val_accuracy": 0.84375,
            "epoch": 12
        },
        {
            "train_loss": 4.92424201965332,
            "train_accuracy": 0.90625,
            "val_loss": 5.454681396484375,
            "val_accuracy": 0.875,
            "epoch": 12
        }
    ]
}