{
    "config": {
        "temperature": 0.55,
        "projection_dim": 256,
        "embedding_dim": 256,
        "learning_rate": 3.5e-05,
        "weight_decay": 1e-06,
        "batch_size": 16,
        "num_epochs": 1000,
        "input_dim": 2080,
        "num_heads": 8,
        "hidden_dim": 256,
        "num_layers": 6,
        "dropout": 0.18,
        "num_runs": 3,
        "patience": 100,
        "encoder_type": "vae",
        "contrastive_method": "simclr",
        "moco_dim": 256,
        "moco_k": 65536,
        "moco_m": 0.999,
        "moco_mlp": false,
        "byol_projection_dim": 256,
        "byol_hidden_dim": 4096,
        "byol_m": 0.996,
        "simsiam_projection_dim": 2048,
        "simsiam_hidden_dim": 512,
        "barlow_twins_projection_dim": 8192,
        "barlow_twins_lambda": 0.005
    },
    "stats": {
        "train_loss": {
            "mean": 3.4179060591591726,
            "std": 0.03561995923804132
        },
        "train_accuracy": {
            "mean": 0.548611111111111,
            "std": 0.0049104637582399226
        },
        "val_loss": {
            "mean": 3.552280690934923,
            "std": 0.08805070986009042
        },
        "val_accuracy": {
            "mean": 0.6597222222222223,
            "std": 0.059738369910018255
        },
        "epoch": {
            "mean": 40.333333333333336,
            "std": 42.35039026450117
        }
    },
    "folds": [
        {
            "train_loss": 3.4091914892196655,
            "train_accuracy": 0.5520833333333334,
            "val_loss": 3.6762890021006265,
            "val_accuracy": 0.6666666666666666,
            "epoch": 6
        },
        {
            "train_loss": 3.379295746485392,
            "train_accuracy": 0.5520833333333333,
            "val_loss": 3.500066598256429,
            "val_accuracy": 0.7291666666666667,
            "epoch": 100
        },
        {
            "train_loss": 3.465230941772461,
            "train_accuracy": 0.5416666666666666,
            "val_loss": 3.4804864724477134,
            "val_accuracy": 0.5833333333333334,
            "epoch": 15
        }
    ]
}