{
    "config": {
        "file_path": "/Users/woodj/Desktop/fishy-business/data/REIMS.xlsx",
        "model": "transformer",
        "dataset": "oil",
        "run": 0,
        "output": "logs/ordinal_comparison_transformer_regression",
        "data_augmentation": false,
        "masked_spectra_modelling": false,
        "next_spectra_prediction": false,
        "next_peak_prediction": false,
        "spectrum_denoising_autoencoding": false,
        "peak_parameter_regression": false,
        "spectrum_segment_reordering": false,
        "contrastive_transformation_invariance_learning": false,
        "early_stopping": 20,
        "dropout": 0.2,
        "label_smoothing": 0.1,
        "epochs": 50,
        "learning_rate": 0.0001,
        "batch_size": 64,
        "hidden_dimension": 128,
        "num_layers": 4,
        "num_heads": 4,
        "num_augmentations": 5,
        "noise_level": 0.1,
        "shift_enabled": false,
        "scale_enabled": false,
        "k_folds": 5,
        "num_runs": 1,
        "use_coral": false,
        "use_cumulative_link": false,
        "regression": true,
        "crop_enabled": false,
        "flip_enabled": false,
        "permutation_enabled": false,
        "crop_size": 0.8
    },
    "stats": {
        "train_loss": 96.21548090608049,
        "val_loss": 263.9918243408203,
        "epoch": 12.8,
        "val_mae": 11.64716911315918,
        "val_mse": 263.99183044433596,
        "val_r2": 0.09811590909957886,
        "val_balanced_accuracy": 0.1350925925925926,
        "train_mae": 6.417488431930542,
        "train_mse": 96.2154798746109,
        "train_r2": 0.6605409383773804,
        "train_balanced_accuracy": 0.13108058608058606
    },
    "folds": [
        {
            "train_loss": 2.467369861602783,
            "val_loss": 176.78402709960938,
            "epoch": 26,
            "val_mae": 9.188141822814941,
            "val_mse": 176.78402709960938,
            "val_r2": 0.3398038148880005,
            "val_balanced_accuracy": 0.15277777777777776,
            "train_mae": 1.2636594772338867,
            "train_mse": 2.46737003326416,
            "train_r2": 0.9918327331542969,
            "train_balanced_accuracy": 0.2706349206349206
        },
        {
            "train_loss": 186.34144214592357,
            "val_loss": 359.9844970703125,
            "epoch": 2,
            "val_mae": 15.577877044677734,
            "val_mse": 359.9844970703125,
            "val_r2": 0.11860042810440063,
            "val_balanced_accuracy": 0.11666666666666665,
            "train_mae": 11.057855606079102,
            "train_mse": 186.34141540527344,
            "train_r2": 0.2902216911315918,
            "train_balanced_accuracy": 0.012820512820512822
        },
        {
            "train_loss": 151.49117747391804,
            "val_loss": 276.6731262207031,
            "epoch": 4,
            "val_mae": 11.317304611206055,
            "val_mse": 276.6731262207031,
            "val_r2": -0.049887657165527344,
            "val_balanced_accuracy": 0.13194444444444445,
            "train_mae": 9.613194465637207,
            "train_mse": 151.49118041992188,
            "train_r2": 0.4983696937561035,
            "train_balanced_accuracy": 0.03333333333333333
        },
        {
            "train_loss": 1.9248791590775594,
            "val_loss": 162.3048858642578,
            "epoch": 28,
            "val_mae": 10.002121925354004,
            "val_mse": 162.3048858642578,
            "val_r2": 0.23966073989868164,
            "val_balanced_accuracy": 0.12962962962962962,
            "train_mae": 1.0960595607757568,
            "train_mse": 1.9248791933059692,
            "train_r2": 0.9938441514968872,
            "train_balanced_accuracy": 0.3014880952380952
        },
        {
            "train_loss": 138.8525358898805,
            "val_loss": 344.21258544921875,
            "epoch": 4,
            "val_mae": 12.150400161743164,
            "val_mse": 344.2126159667969,
            "val_r2": -0.15759778022766113,
            "val_balanced_accuracy": 0.14444444444444446,
            "train_mae": 9.056673049926758,
            "train_mse": 138.85255432128906,
            "train_r2": 0.5284364223480225,
            "train_balanced_accuracy": 0.037126068376068376
        }
    ]
}