{
    "config": {
        "temperature": 0.106257513312675,
        "projection_dim": 256,
        "embedding_dim": 512,
        "learning_rate": 5.288326831215456e-05,
        "weight_decay": 1e-06,
        "batch_size": 32,
        "num_epochs": 364,
        "input_dim": 2080,
        "num_heads": 8,
        "hidden_dim": 256,
        "num_layers": 2,
        "num_inner_functions": 10,
        "dropout": 0.32115205964167115,
        "num_runs": 3,
        "patience": 100,
        "encoder_type": "cnn",
        "contrastive_method": "simclr",
        "moco_dim": 256,
        "moco_k": 65536,
        "moco_m": 0.999,
        "moco_mlp": false,
        "byol_projection_dim": 256,
        "byol_hidden_dim": 4096,
        "byol_m": 0.996,
        "simsiam_projection_dim": 2048,
        "simsiam_hidden_dim": 512,
        "barlow_twins_projection_dim": 8192,
        "barlow_twins_lambda": 0.005,
        "noise_enabled": false,
        "shift_enabled": true,
        "scale_enabled": false,
        "crop_enabled": true,
        "flip_enabled": true,
        "permutation_enabled": false,
        "noise_level": 0.0,
        "crop_size": 0.5582924830157202
    },
    "stats": {
        "train_loss": {
            "mean": 5.040958245595296,
            "std": 0.22425593717074677
        },
        "train_accuracy": {
            "mean": 0.5208333333333334,
            "std": 0.008505172717997162
        },
        "val_loss": {
            "mean": 4.3009006182352705,
            "std": 0.0009317821320406658
        },
        "val_accuracy": {
            "mean": 0.6041666666666666,
            "std": 0.03897559777889522
        },
        "epoch": {
            "mean": 18.333333333333332,
            "std": 14.613540144521982
        }
    },
    "folds": [
        {
            "train_loss": 4.7243475914001465,
            "train_accuracy": 0.5208333333333334,
            "val_loss": 4.301214218139648,
            "val_accuracy": 0.59375,
            "epoch": 39
        },
        {
            "train_loss": 5.215212186177571,
            "train_accuracy": 0.5104166666666666,
            "val_loss": 4.301852226257324,
            "val_accuracy": 0.5625,
            "epoch": 8
        },
        {
            "train_loss": 5.183314959208171,
            "train_accuracy": 0.53125,
            "val_loss": 4.299635410308838,
            "val_accuracy": 0.65625,
            "epoch": 8
        }
    ]
}